Account Name,Website,Account ID,18 Digit ID
Peugeot,www.groupe-psa.com,0010y00001XF0pu,0010y00001XF0puAAD
Independent Pet Partners,https://www.ipphl.com/,0010y00001XFAcC,0010y00001XFAcCAAX
Signet Jewelers,www.signetjewelers.com,0010y00001XGlQV,0010y00001XGlQVAA1
Prospira PainCare,www.prospirapaincare.com,0010y00001Y0Ycn,0010y00001Y0YcnAAF
Worley,www.worleyparsons.com,0010y00001YQLfY,0010y00001YQLfYAAX
Franciscan Health,www.franciscanhealth.org,0010y00001ZC7wg,0010y00001ZC7wgAAD
DTE Energy,www.dteenergy.com,0010y00001ZC809,0010y00001ZC809AAD
Elkay,www.elkay.com,0010y00001ZC81e,0010y00001ZC81eAAD
Duke Energy,www.duke-energy.com,0010y00001ZC89i,0010y00001ZC89iAAD
McAfee,www.mcafee.com,0010y00001ZD46U,0010y00001ZD46UAAT
Wescom Credit Union,www.wescom.org,0010y00001ZDyKd,0010y00001ZDyKdAAL
Strategic Link,www.Slchq.Com,0010y00001ZET2Y,0010y00001ZET2YAAX
Zillow Group,www.zillowgroup.com,0010y00001aObqT,0010y00001aObqTAAS
Power Design,www.powerdesigninc.us,0010y00001aOcT4,0010y00001aOcT4AAK
Whoop,www.whoop.com,0010y00001aTed3,0010y00001aTed3AAC
DigiCert,www.digicert.com,0010y00001aVpfN,0010y00001aVpfNAAS
Kootenai Medical Center,www.kh.org,0010y00001bPX9s,0010y00001bPX9sAAG
Edward-Elmhurst Health,eehealth.org,0010y00001bPXA4,0010y00001bPXA4AAO
Drury Hotels,www.druryhotels.com,0010y00001bStrO,0010y00001bStrOAAS
Diversey,diversey.com,0010y00001cRQMI,0010y00001cRQMIAA4
AHF Products,www.ahfproducts.com,0010y00001cziox,0010y00001czioxAAA
University of Phoenix,www.phoenix.edu,0010y00001dOwZm,0010y00001dOwZmAAK
Vice Media,www.vice.com,0010y00001dQhIF,0010y00001dQhIFAA0
Workday,www.workday.com,0010y00001dZLd8,0010y00001dZLd8AAG
Black Duck Software,www.blackduck.com,0010y00001e6DHz,0010y00001e6DHzAAM
Rackspace Technology,www.rackspace.com,0010y00001eO0Sx,0010y00001eO0SxAAK
Riot Games,www.riotgames.com,0010y00001eOOiO,0010y00001eOOiOAAW
Sport Clips,www.sportclips.com,0010y00001eRMq7,0010y00001eRMq7AAG
Fresenius Kabi USA,www.fresenius-kabi.com,0010y00001ffZoP,0010y00001ffZoPAAU
Clarios,www.clarios.com,0010y00001fg1fv,0010y00001fg1fvAAA
Dropbox,www.dropbox.com,0010y00001fgHla,0010y00001fgHlaAAE
Fortive,www.fortive.com,0010y00001hQOHn,0010y00001hQOHnAAO
Celonis,www.celonis.com,0010y00001hQZpb,0010y00001hQZpbAAG
Box,www.box.com,0010y00001hQpFi,0010y00001hQpFiAAK
Peloton Interactive,www.onepeloton.com,0010y00001hTNLX,0010y00001hTNLXAA4
Zoox,www.zoox.com,0010y00001hTNLv,0010y00001hTNLvAAO
Coupa,www.coupa.com,0010y00001iJ4ey,0010y00001iJ4eyAAC
Xerox Corporation,www.xerox.com,0010y00001iJJXw,0010y00001iJJXwAAO
Clearway Energy Group,clearwayenergygroup.com,0010y00001iLVvl,0010y00001iLVvlAAG
Elanco,www.elanco.com,0010y00001igETY,0010y00001igETYAA2
Bloomberg,www.bloomberg.com,0010y00001ihZ1x,0010y00001ihZ1xAAE
NPI Bank and Trust - Vantage Basic,,0010y00001kR07x,0010y00001kR07xAAC
NOV,www.nov.com,0010y00001kSDw4,0010y00001kSDw4AAG
First Business Financial Services,firstbusiness.bank/,0010y00001kSqev,0010y00001kSqevAAC
Pure Storage,www.purestorage.com,0010y00001lHR0D,0010y00001lHR0DAAW
Pinterest,www.pinterest.com,0010y00001lHR2E,0010y00001lHR2EAAW
Truist,truist.com,0010y00001lHb6B,0010y00001lHb6BAAS
Modernizing Medicine,www.modmed.com,0010y00001lXUgE,0010y00001lXUgEAAW
Ericsson,www.ericsson.com,0010y00001lbfwr,0010y00001lbfwrAAA
Waystar,www.waystar.com,0010y00001lnYmL,0010y00001lnYmLAAU
Citi,www.citi.com,0010y00001mNLjc,0010y00001mNLjcAAG
Cruise,http://www.getcruise.com,0010y00001mOdoY,0010y00001mOdoYAAS
Insight Global,www.insightglobal.com,0010y00001mrac5,0010y00001mrac5AAA
Impendi Analytics,https://www.impendianalytics.com/,0010y00001mtIsP,0010y00001mtIsPAAU
Caliber Collision,www.caliber.com,0010y00001mtTbN,0010y00001mtTbNAAU
Hand and Stone,www.handandstone.com,0010y00001mtTcB,0010y00001mtTcBAAU
Anaplan,http://www.anaplan.com,0010y00001o6LG4,0010y00001o6LG4AAM
Ciena,www.ciena.com,0010y00001o6lmO,0010y00001o6lmOAAQ
Sauer’s,http://www.cfsauer.com,0010y00001o7v9f,0010y00001o7v9fAAA
Corteva,www.corteva.com,0010y00001oHXBm,0010y00001oHXBmAAO
ADP,www.adp.com,0010y00001pPqD2,0010y00001pPqD2AAK
DocuSign,www.docusign.com,0010y00001pRnMj,0010y00001pRnMjAAK
Apex Clearing,http://www.apexclearing.com,0010y00001pSL7K,0010y00001pSL7KAAW
Motional,www.motional.com,0010y00001pSZhp,0010y00001pSZhpAAG
TD,www.td.com,0010y00001pqBAj,0010y00001pqBAjAAM
Coupang,www.coupang.com,0010y00001pqotm,0010y00001pqotmAAA
Delta Community Credit Union,http://www.deltacommunitycu.com,0010y00001prDrP,0010y00001prDrPAAU
ServiceNow,www.servicenow.com,0010y00001pramV,0010y00001pramVAAQ
Jane Street,www.janestreet.com,0010y00001qR1vt,0010y00001qR1vtAAC
Transportation Insight,www.transportationinsight.com,0010y00001qRJpq,0010y00001qRJpqAAG
Guardian Pharmacy Services,www.guardianpharmacy.com,0010y00001qRLiT,0010y00001qRLiTAAW
Mohegan Sun,www.mohegansun.com,0010y00001qRlO0,0010y00001qRlO0AAK
Sysmex,www.sysmex.co.jp,0010y00001qS2SA,0010y00001qS2SAAA0
Bessemer Trust,www.bessemertrust.com,0010y00001qS2e2,0010y00001qS2e2AAC
Duracell,www.duracell.com,0010y00001qSD3G,0010y00001qSD3GAAW
Valtech,www.valtech.com,0010y00001rFmv4,0010y00001rFmv4AAC
NTT,hello.global.ntt,0010y00001rFs4m,0010y00001rFs4mAAC
bSwift,www.bswift.com,0010y00001rFwmW,0010y00001rFwmWAAS
LegalZoom,www.legalzoom.com,0010y00001rGfLC,0010y00001rGfLCAA0
HealthEquity,www.healthequity.com,0010y00001rGn2H,0010y00001rGn2HAAS
Veoneer,www.veoneer.com,0010y00001rI8KW,0010y00001rI8KWAA0
Nuffield Health,www.nuffieldhealth.com,0010y00001tgrQH,0010y00001tgrQHAAY
Simple Benchmarks LLC,simplebenchmarks.com,0010y00001tgwa6,0010y00001tgwa6AAA
Celeros Flow Technology,www.celerosft.com,0010y00001th1a6,0010y00001th1a6AAA
Vanasse Hangen Brustlin,www.vhb.com,0010y00001torbV,0010y00001torbVAAQ
Inari,www.inari.com,0010y00001tppoa,0010y00001tppoaAAA
The American Kennel Club,www.akc.org,0010y00001tqDZM,0010y00001tqDZMAA2
Mastery Logistics Systems,mastery.net,0010y00001u2pR7,0010y00001u2pR7AAI
University Hospitals,www.uhhospitals.org,0011A00001Q9bou,0011A00001Q9bouQAB
Jabil,www.jabil.com,0011A00001QVtkl,0011A00001QVtklQAD
GTP International,gtpus.com,0011A00001QYFGX,0011A00001QYFGXQA5
World Bank Group,www.worldbank.org,0011A00001QpyXJ,0011A00001QpyXJQAZ
Vista Equity Partners,www.vistaequitypartners.com,0011A00001QpyY2,0011A00001QpyY2QAJ
Johnson & Johnson,www.jnj.com,0011A00001QqFQ6,0011A00001QqFQ6QAN
Visa,usa.visa.com,0011A00001QqFfa,0011A00001QqFfaQAF
Lloyds Banking Group,www.lloydsbankinggroup.com,0011A00001QsktT,0011A00001QsktTQAR
CNL Financial,www.cnl.com,0011A00001RdSBW,0011A00001RdSBWQA3
Guggenheim Partners,www.guggenheimpartners.com,0011A00001RmrtX,0011A00001RmrtXQAR
Commonwealth of Virginia,www.virginia.gov,0011A00001RtKBO,0011A00001RtKBOQA3
Suture Express,http://www.sutureexpress.com/,0011A00001RvEQV,0011A00001RvEQVQA3
Brink's,www.brinks.com,0011A00001SCoD5,0011A00001SCoD5QAL
Vision Service Plan,www.vsp.com,0011A00001SCsbu,0011A00001SCsbuQAD
Denali,www.denaliai.com,0011A00001SDUmd,0011A00001SDUmdQAH
Dynatrace,www.dynatrace.com,0011A00001SDr7E,0011A00001SDr7EQAT
Ethan Allen Global,www.ethanallen.com,0011A00001SFwFr,0011A00001SFwFrQAL
Verisign,www.verisign.com,0011A00001ST8uH,0011A00001ST8uHQAT
SCL Health,www.sclhealth.org,0011A00001T1QB7,0011A00001T1QB7QAN
Facebook,www.facebook.com,0011A00001T3OYC,0011A00001T3OYCQA3
VMware,www.vmware.com,0011A00001TDSBX,0011A00001TDSBXQA5
Synchrony Financial,www.synchrony.com,0011A00001TEZjk,0011A00001TEZjkQAH
Sensata Technologies,www.sensata.com,0011A00001TFDYH,0011A00001TFDYHQA5
Applied Systems,www.appliedsystems.com,0011A00001TPxSf,0011A00001TPxSfQAL
Qantas,www.qantas.com,0011A00001Thz95,0011A00001Thz95QAB
Indiana Regional Medical Center,www.indianarmc.org,0011A00001TiCkp,0011A00001TiCkpQAF
Devon Energy,www.devonenergy.com,0011A00001Tkak5,0011A00001Tkak5QAB
Zoom Video Communications,www.zoom.com,0011A00001TpDvS,0011A00001TpDvSQAV
Quest Software,www.quest.com,0011A00001U67kE,0011A00001U67kEQAR
Springfield Clinic,www.springfieldclinic.com,0011A00001U7tmG,0011A00001U7tmGQAR
"Department for Environment, Food & Rural Affairs does",https://www.gov.uk/government/organisations/hm-revenue-customs,0011A00001UJewR,0011A00001UJewRQAT
Reserve Bank of Australia,www.rba.gov.au,0011A00001UJoOE,0011A00001UJoOEQA1
Frontier Communications,www.frontier.com,0011A00001ULzdW,0011A00001ULzdWQAT
Nebraska Furniture Mart,www.nfm.com,0011A00001UVoTC,0011A00001UVoTCQA1
GoTo,www.goto.com,0011A00001UXGFz,0011A00001UXGFzQAP
Sumo Logic,www.sumologic.com,0011A00001UXQPL,0011A00001UXQPLQA5
Newport News Shipbuilding,https://nns.huntingtoningalls.com,0011A00001UqEvf,0011A00001UqEvfQAF
Pilot Flying J,www.pilotflyingj.com,0011A00001Urxq1,0011A00001Urxq1QAB
EvergreenHealth,www.evergreenhealth.com,0011A00001Us1ew,0011A00001Us1ewQAB
FTI Consulting,www.fticonsulting.com,0011A00001Us1hH,0011A00001Us1hHQAR
Southeastern Grocers,www.segrocers.com,0011A00001UsUTx,0011A00001UsUTxQAN
Retail Solutions,www.retailsolutions.com,0011A00001UtCDG,0011A00001UtCDGQA3
NASA Jet Propulsion Laboratory,www.jpl.nasa.gov,0011A00001V6P0r,0011A00001V6P0rQAF
Medifast,https://medifastinc.com/,0011A00001V6P2o,0011A00001V6P2oQAF
HCA Healthcare,www.hcahealthcare.com,0011A00001V6P4s,0011A00001V6P4sQAF
Colorado Springs Utilities,www.csu.org,0011A00001V6P54,0011A00001V6P54QAF
National Basketball Association,www.nba.com,0011A00001V6P7u,0011A00001V6P7uQAF
Edelman,www.edelman.com,0011A00001V6P7z,0011A00001V6P7zQAF
ParkOhio,www.pkoh.com,0011A00001V6PFB,0011A00001V6PFBQA3
First Financial Bank,www.bankatfirst.com,0011A00001V6PMd,0011A00001V6PMdQAN
Zendesk,www.zendesk.com,0011A00001V6PQi,0011A00001V6PQiQAN
OPENLANE,openlane.com,0011A00001V6PZL,0011A00001V6PZLQA3
Hospital Sisters Health System,www.hshs.org,0011A00001V6PkF,0011A00001V6PkFQAV
LinkedIn,www.linkedin.com,0011A00001V6QJG,0011A00001V6QJGQA3
Airbnb,www.airbnb.com,0011A00001V6QNJ,0011A00001V6QNJQA3
CVS Health,www.cvs.com,0011A00001V6QQZ,0011A00001V6QQZQA3
AT&T,www.att.com,0011A00001V6QTx,0011A00001V6QTxQAN
FICO,www.fico.com,0011A00001V6QZc,0011A00001V6QZcQAN
Salem Health,www.salemhealth.org,0011A00001V6Qfz,0011A00001V6QfzQAF
TPG,www.tpg.com,0011A00001V6Qo6,0011A00001V6Qo6QAF
Cox Enterprises,www.coxautoinc.com,0011A00001V6Qsr,0011A00001V6QsrQAF
Uber,www.uber.com,0011A00001V6Qxo,0011A00001V6QxoQAF
Commonwealth Bank of Australia,www.commbank.com.au,0011A00001V6R2l,0011A00001V6R2lQAF
Trinseo,www.trinseo.com,0011A00001V6R92,0011A00001V6R92QAF
Aaron's,www.aarons.com,0011A00001V6RDK,0011A00001V6RDKQA3
WPS Health Insurance,www.wpshealth.com,0011A00001V6RDi,0011A00001V6RDiQAN
The College Board,http://www.collegeboard.org,0011A00001V6RFv,0011A00001V6RFvQAN
Medica,www.medica.com,0011A00001V6RP1,0011A00001V6RP1QAN
Sonesta International Hotels,www.sonesta.com,0011A00001V6RR4,0011A00001V6RR4QAN
Philips,www.philips.com,0011A00001V6RRJ,0011A00001V6RRJQA3
LL Flooring,www.llflooring.com,0011A00001V6Rez,0011A00001V6RezQAF
Leprino Foods,www.leprinofoods.com,0011A00001V6RlK,0011A00001V6RlKQAV
FIS Global,www.fisglobal.com,0011A00001V6Rx9,0011A00001V6Rx9QAF
Apria Healthcare Group,www.apriadirect.com,0011A00001V6RzC,0011A00001V6RzCQAV
ABS,www.eagle.org,0011A00001V6S7o,0011A00001V6S7oQAF
Atlas Air,www.atlasair.com,0011A00001V6SFi,0011A00001V6SFiQAN
Anywhere Real Estate (fka Realogy),anywhere.re,0011A00001V6SJc,0011A00001V6SJcQAN
Strategic Behavioral Health,http://www.strategicbh.com,0011A00001V6SOj,0011A00001V6SOjQAN
CHG Healthcare,www.chghealthcare.com,0011A00001V6SOw,0011A00001V6SOwQAN
ExamWorks,www.examworks.com,0011A00001V6ST9,0011A00001V6ST9QAN
ATI Physical Therapy,www.atipt.com,0011A00001V6STL,0011A00001V6STLQA3
The Kraft Heinz Company,www.kraftheinzcompany.com,0011A00001VTNR9,0011A00001VTNR9QAP
Diebold Nixdorf,www.dieboldnixdorf.com,0011A00001VTdxj,0011A00001VTdxjQAD
Micron Technology,www.micron.com,0011A00001VTkGd,0011A00001VTkGdQAL
Trinity Health,www.trinity-health.org,0011A00001VTqA9,0011A00001VTqA9QAL
Alorica,www.alorica.com,0011A00001VTtz3,0011A00001VTtz3QAD
Stericycle,www.stericycle.com,0011A00001VUu8n,0011A00001VUu8nQAD
Einstein Healthcare Network,www.einstein.edu,0011A00001VzTdo,0011A00001VzTdoQAF
Hibu,www.hibu.com,0011A00001VzU5y,0011A00001VzU5yQAF
The Standard,www.standard.com,0011A00001VzkRc,0011A00001VzkRcQAJ
Major League Baseball,www.mlb.com,0011A00001Vzw3v,0011A00001Vzw3vQAB
Desjardins Group,www.desjardins.com/en/,0011A00001W1PsR,0011A00001W1PsRQAV
CF Industries,www.cfindustries.com,0011A00001W1Pt9,0011A00001W1Pt9QAF
Russell Investments,www.russellinvestments.com,0011A00001W1Pte,0011A00001W1PteQAF
Expedia Group,www.expediagroup.com,0011A00001W1Ptl,0011A00001W1PtlQAF
Cambia Health Solutions,www.cambiahealth.com,0011A00001W1Pu1,0011A00001W1Pu1QAF
Louis Vuitton North America,www.louisvuitton.com,0011A00001W1Pv5,0011A00001W1Pv5QAF
Sony Pictures,www.sonypictures.com,0011A00001W1PvN,0011A00001W1PvNQAV
Automobile Club of Southern California,www.calif.aaa.com,0011A00001W1PvV,0011A00001W1PvVQAV
Sierra Nevada Corporation,www.sncorp.com,0011A00001W1PvW,0011A00001W1PvWQAV
Cornerstone Building Brands,www.cornerstonebuildingbrands.com,0011A00001W1Pwd,0011A00001W1PwdQAF
Mattress Firm,www.mattressfirm.com,0011A00001W1Pwt,0011A00001W1PwtQAF
Jacobs,www.jacobs.com,0011A00001W1PxP,0011A00001W1PxPQAV
JCPenney,www.jcpenney.com,0011A00001W1Pxa,0011A00001W1PxaQAF
Emerson,www.emerson.com,0011A00001W1PyU,0011A00001W1PyUQAV
GROWMARK,www.growmark.com,0011A00001W1Pym,0011A00001W1PymQAF
ADM,www.adm.com,0011A00001W1Pyz,0011A00001W1PyzQAF
Hearthside Food Solutions,www.hearthsidefoods.com,0011A00001W1Pz2,0011A00001W1Pz2QAF
Crate & Barrel,www.crateandbarrel.com,0011A00001W1PzL,0011A00001W1PzLQAV
HealthPartners,www.healthpartners.com,0011A00001W1Pzr,0011A00001W1PzrQAF
Kohler,www.kohlercompany.com,0011A00001W1Q0W,0011A00001W1Q0WQAV
Herman Miller,www.hermanmiller.com,0011A00001W1Q0k,0011A00001W1Q0kQAF
CMS Energy,www.cmsenergy.com,0011A00001W1Q0q,0011A00001W1Q0qQAF
Tempur Sealy,www.tempursealy.com,0011A00001W1Q2N,0011A00001W1Q2NQAV
American Tire Distributors,www.atd-us.com,0011A00001W1Q46,0011A00001W1Q46QAF
Blue Cross & Blue Shield of North Carolina,bluecrossnc.com,0011A00001W1Q4A,0011A00001W1Q4AQAV
Freddie Mac,www.freddiemac.com,0011A00001W1Q4h,0011A00001W1Q4hQAF
Mars,www.mars.com,0011A00001W1Q4i,0011A00001W1Q4iQAF
Under Armour,www.underarmour.com,0011A00001W1Q4p,0011A00001W1Q4pQAF
PPL Corporation,www.pplweb.com,0011A00001W1Q5W,0011A00001W1Q5WQAV
Dentsply Sirona,www.dentsplysirona.com,0011A00001W1Q5b,0011A00001W1Q5bQAF
The Hershey Company,www.thehersheycompany.com,0011A00001W1Q5e,0011A00001W1Q5eQAF
Sumitomo Mitsui Banking Corporation,www.smbc.co.jp,0011A00001W1Q6U,0011A00001W1Q6UQAV
Sony Corporation of America,www.sony.com,0011A00001W1Q6n,0011A00001W1Q6nQAF
Mitsubishi Financial Group,www.bk.mufg.jp/global,0011A00001W1Q6y,0011A00001W1Q6yQAF
ING Group,www.ing.com,0011A00001W1Q75,0011A00001W1Q75QAF
JPMorgan Chase,www.jpmorganchase.com,0011A00001W1Q7G,0011A00001W1Q7GQAV
Nasdaq,www.nasdaq.com,0011A00001W1Q7O,0011A00001W1Q7OQAV
Prudential,www.prudential.com,0011A00001W1Q8J,0011A00001W1Q8JQAV
BIC SA,www.bicworld.com,0011A00001W1Q8Z,0011A00001W1Q8ZQAV
Stanley Black & Decker,www.stanleyblackanddecker.com,0011A00001W1Q8j,0011A00001W1Q8jQAF
FM Global,www.fmglobal.com,0011A00001W1Q91,0011A00001W1Q91QAF
MassMutual,www.massmutual.com,0011A00001W1Q9j,0011A00001W1Q9jQAF
Children's of Alabama,www.childrensal.org,0011A00001W1Vli,0011A00001W1VliQAF
Arkansas Children's Hospital,www.archildrens.org,0011A00001W1Vlv,0011A00001W1VlvQAF
South Shore Health,www.southshorehealth.org,0011A00001W1VoJ,0011A00001W1VoJQAV
LifeBridge Health,www.lifebridgehealth.org,0011A00001W1VoQ,0011A00001W1VoQQAV
Peninsula Regional Medical Center,www.peninsula.org,0011A00001W1VoS,0011A00001W1VoSQAV
Freeman Health System,www.freemanhealth.com,0011A00001W1Vor,0011A00001W1VorQAF
Memorial Hospital Gulfport,www.gulfportmemorial.com,0011A00001W1Vp2,0011A00001W1Vp2QAF
Firelands Regional Medical Center,www.firelands.com,0011A00001W1Vql,0011A00001W1VqlQAF
NetApp,www.netapp.com,0011A00001WPr5D,0011A00001WPr5DQAT
GitLab,about.gitlab.com,0011A00001WQEMf,0011A00001WQEMfQAP
Marmon,www.marmon.com,0011A00001WpiGY,0011A00001WpiGYQAZ
Denver Health,www.denverhealth.org,0018000000TH1GH,0018000000TH1GHAA1
GE Hitachi Nuclear Energy,ge-energy.com,0018000000TH1fu,0018000000TH1fuAAD
Procter & Gamble,www.pg.com,0018000000US8n5,0018000000US8n5AAD
Boeing,www.boeing.com,0018000000US8nO,0018000000US8nOAAT
ProAssurance,www.proassurance.com,0018000000US8nP,0018000000US8nPAAT
Kellanova,www.kelloggcompany.com,0018000000US8nh,0018000000US8nhAAD
Bristol-Myers Squibb,www.bms.com,0018000000US8nn,0018000000US8nnAAD
Bread Financial (Alliance Data Systems),breadfinancial.com,0018000000US8o6,0018000000US8o6AAD
GameStop,www.gamestop.com,0018000000US8oE,0018000000US8oEAAT
Shelter Insurance,www.shelterinsurance.com,0018000000US8oL,0018000000US8oLAAT
AutoZone,www.autozone.com,0018000000US8oZ,0018000000US8oZAAT
News Corp,www.newscorp.com,0018000000US8ol,0018000000US8olAAD
Tailored Brands,www.menswearhouse.com,0018000000US8ot,0018000000US8otAAD
Total Site Utilities,www.cbeyond.net,0018000000US8pE,0018000000US8pEAAT
Nationwide,www.nationwide.com,0018000000US8ps,0018000000US8psAAD
Catalyst Rx,www.catalystrx.com,0018000000US8qV,0018000000US8qVAAT
ADJ Products,www.americandj.com,0018000000US8qW,0018000000US8qWAAT
Walmart,corporate.walmart.com,0018000000US8qn,0018000000US8qnAAD
Newell Brands,www.newellbrands.com,0018000000US8qq,0018000000US8qqAAD
H‑E‑B,www.heb.com,0018000000US8r0,0018000000US8r0AAD
Halliburton,www.halliburton.com,0018000000US8r6,0018000000US8r6AAD
iQor,www.iqor.com,0018000000US8rA,0018000000US8rAAAT
Primerica,www.primerica.com,0018000000US8rZ,0018000000US8rZAAT
Tenet Health,www.tenethealth.com,0018000000US8rz,0018000000US8rzAAD
pbp1.com,www.pbp1.com,0018000000US8sB,0018000000US8sBAAT
Jones Lang LaSalle,www.us.jll.com,0018000000US8sL,0018000000US8sLAAT
Baxter,www.baxter.com,0018000000US8sW,0018000000US8sWAAT
Informatica,www.informatica.com,0018000000US8se,0018000000US8seAAD
Exide Technologies,www.exide.com,0018000000US8tH,0018000000US8tHAAT
AutoNation,www.autonation.com,0018000000US8tK,0018000000US8tKAAT
Panda Restaurant Group,www.pandarg.com,0018000000US8tQ,0018000000US8tQAAT
Hibbett Sports,www.hibbett.com,0018000000US8tS,0018000000US8tSAAT
IGT,www.igt.com,0018000000US8tV,0018000000US8tVAAT
Jack in the Box,www.jackinthebox.com,0018000000US8uB,0018000000US8uBAAT
Acuity Brands,www.acuitybrands.com,0018000000US8uZ,0018000000US8uZAAT
DICK'S Sporting Goods,www.dickssportinggoods.com,0018000000US8um,0018000000US8umAAD
NPI LLC,http://www.npifinancial.com,0018000000US8us,0018000000US8usAAD
Abercrombie & Fitch,www.abercrombie.com,0018000000US8ut,0018000000US8utAAD
Harley Davidson,www.harley-davidson.com,0018000000US8uz,0018000000US8uzAAD
Johnson Controls (JCI),www.johnsoncontrols.com,0018000000US8v1,0018000000US8v1AAD
Zumiez,www.zumiez.com,0018000000US8vR,0018000000US8vRAAT
Light & Wonder,www.lnw.com,0018000000US8vg,0018000000US8vgAAD
Discount Tire,www.discounttire.com,0018000000US8wA,0018000000US8wAAAT
Swagelok,www.swagelok.com,0018000000US8wW,0018000000US8wWAAT
BB&T,www.bbt.com,0018000000US8wj,0018000000US8wjAAD
ManTech International,www.mantech.com,0018000000US8wp,0018000000US8wpAAD
The Hartford,www.thehartford.com,0018000000US8x2,0018000000US8x2AAD
Mori Luggage & Gifts,www.moriluggage.com,0018000000US8xB,0018000000US8xBAAT
Kelly's Kids,www.kellyskids.com,0018000000US8xF,0018000000US8xFAAT
Ceridian,www.ceridian.com,0018000000US8xN,0018000000US8xNAAT
Designer Brands,designerbrands.com,0018000000US8xr,0018000000US8xrAAD
Afni,www.afni.com,0018000000US8xz,0018000000US8xzAAD
Sophos,www.sophos.com,0018000000US8y5,0018000000US8y5AAD
Corning,www.corning.com,0018000000US8yE,0018000000US8yEAAT
Enterprise Rent-A-Car,www.enterpriseholdings.com,0018000000US8yn,0018000000US8ynAAD
Tractor Supply Co.,www.tractorsupply.com,0018000000US8zF,0018000000US8zFAAT
Lubrizol,www.lubrizol.com,0018000000US8za,0018000000US8zaAAD
Shaw Group,www.theshawgrp.com,0018000000US8zf,0018000000US8zfAAD
Vulcan Materials,www.vulcanmaterials.com,0018000000US8zt,0018000000US8ztAAD
Graphic Dimensions,www.graphicdimensions.net,0018000000US902,0018000000US902AAD
RF GANSEREIT & Associates,https://www.boiler-gaskets.com/46/home.htm,0018000000US90A,0018000000US90AAAT
Gallagher,www.ajg.com,0018000000US90m,0018000000US90mAAD
Iron Mountain,www.ironmountain.com,0018000000US90o,0018000000US90oAAD
The Blackstone Group,www.blackstone.com,0018000000US90p,0018000000US90pAAD
Arbitron,www.arbitron.com,0018000000US917,0018000000US917AAD
Southwest Airlines,www.southwest.com,0018000000US91q,0018000000US91qAAD
High Performance Identity (HPI,www.hpidirect.net,0018000000US91x,0018000000US91xAAD
Boston Scientific,www.bostonscientific.com,0018000000US92W,0018000000US92WAAT
Bally Technologies,https://www.sggaming.com/games/bally,0018000000US92k,0018000000US92kAAD
Orvis,www.orvis.com,0018000000US92u,0018000000US92uAAD
Aflac,www.aflac.com,0018000000US93T,0018000000US93TAAT
Weitz,www.weitz.com,0018000000US93b,0018000000US93bAAD
EBSCO Industries,www.ebscoind.com,0018000000US93e,0018000000US93eAAD
UnbeatableSale.com,www.unbeatablesale.com,0018000000US93q,0018000000US93qAAD
Gap,www.gapinc.com,0018000000US94H,0018000000US94HAAT
Ace Hardware,www.acehardware.com,0018000000US94s,0018000000US94sAAD
Radiant,www.radiantsystems.com,0018000000US95Q,0018000000US95QAAT
Camden Property Trust,www.camdenliving.com,0018000000US95e,0018000000US95eAAD
Samsonite,www.samsonite.com,0018000000US95g,0018000000US95gAAD
Divots Sportswear,www.divots.com,0018000000US96W,0018000000US96WAAT
Winn-Dixie,www.winndixie.com,0018000000US96k,0018000000US96kAAD
Wise Business Forms,www.wbf.com,0018000000US97I,0018000000US97IAAT
KEMET Corporation,www.kemet.com,0018000000US97l,0018000000US97lAAD
Shamrock Foods,www.shamrockfoods.com,0018000000US97s,0018000000US97sAAD
Hilton,hilton.com,0018000000US983,0018000000US983AAD
Guitar Center,www.guitarcenter.com,0018000000US98i,0018000000US98iAAD
Roscoe Medical,www.roscoemedical.com,0018000000US98j,0018000000US98jAAD
Walgreens Boots Alliance,www.walgreensbootsalliance.com,0018000000US992,0018000000US992AAD
Finish Line,www.finishline.com,0018000000US99Q,0018000000US99QAAT
Aviall,www.aviall.com,0018000000US99i,0018000000US99iAAD
American Family Insurance,www.amfam.com,0018000000US9AO,0018000000US9AOAA1
IDN-Acme Inc,www.idnacme.com,0018000000US9AU,0018000000US9AUAA1
Autotrader,www.autotrader.com,0018000000US9An,0018000000US9AnAAL
Enterprise Products Partners,www.enterpriseproducts.com,0018000000US9Bo,0018000000US9BoAAL
Hillrom,hillrom.com,0018000000US9Bu,0018000000US9BuAAL
ThermaSys Corporation,www.thermasys.com,0018000000US9CA,0018000000US9CAAA1
Travelers,www.travelers.com,0018000000US9CC,0018000000US9CCAA1
NRG Energy,www.nrg.com,0018000000US9CE,0018000000US9CEAA1
Coloplast,www.coloplast.com,0018000000US9Cf,0018000000US9CfAAL
Abacus Solutions,www.abacusllc.com,0018000000US9Cq,0018000000US9CqAAL
Go Pro,www.goproltd.com,0018000000US9DG,0018000000US9DGAA1
Olan Mills,www.pictorialdirectories.org,0018000000US9DK,0018000000US9DKAA1
Bunzl Distribution,bunzldistribution.com,0018000000US9E8,0018000000US9E8AAL
CentricsIT,www.centricsit.com,0018000000US9EG,0018000000US9EGAA1
ULTA,www.ulta.com,0018000000US9EY,0018000000US9EYAA1
Cifial,www.cifialusa.com,0018000000US9Eg,0018000000US9EgAAL
Cummins,www.cummins.com,0018000000US9Em,0018000000US9EmAAL
Sephora USA,www.sephora.com,0018000000US9FC,0018000000US9FCAA1
Ascent Healthcare Solutions,www.ascenths.com,0018000000US9FF,0018000000US9FFAA1
Oceaneering International,www.oceaneering.com,0018000000US9FW,0018000000US9FWAA1
PBD,www.pbd.com,0018000000US9Fp,0018000000US9FpAAL
PetSmart,www.petsmart.com,0018000000US9Fs,0018000000US9FsAAL
Shutterfly,www.shutterfly.com,0018000000US9Gt,0018000000US9GtAAL
Aramark,www.aramark.com,0018000000US9HN,0018000000US9HNAA1
Adorama,www.adorama.com,0018000000US9HV,0018000000US9HVAA1
Toyota Motor Sales USA,www.toyota.com,0018000000US9HX,0018000000US9HXAA1
Tyco Electronics Corporation,www.tycoelectronics.com,0018000000US9I0,0018000000US9I0AAL
Synq Solutions,www.synqsolutions.com,0018000000US9IB,0018000000US9IBAA1
Henry Schein,www.henryschein.com,0018000000US9IZ,0018000000US9IZAA1
Cabela's,www.cabelas.com,0018000000US9Ih,0018000000US9IhAAL
RaceTrac,www.racetrac.com,0018000000US9Ik,0018000000US9IkAAL
Scholastic,www.scholastic.com,0018000000US9Ip,0018000000US9IpAAL
Flowserve,www.flowserve.com,0018000000US9It,0018000000US9ItAAL
Koch,www.kochind.com,0018000000US9JX,0018000000US9JXAA1
Tupperware,www.tupperwarebrands.com,0018000000US9Jw,0018000000US9JwAAL
American Airlines,www.aa.com,0018000000US9K0,0018000000US9K0AAL
Teradata,www.teradata.com,0018000000US9KG,0018000000US9KGAA1
COUNTRY Financial,www.countryfinancial.com,0018000000US9KJ,0018000000US9KJAA1
Selective Insurance Group,www.selective.com,0018000000US9KK,0018000000US9KKAA1
Grainger,www.grainger.com,0018000000US9KL,0018000000US9KLAA1
Georgia-Pacific,www.gp.com,0018000000US9Kd,0018000000US9KdAAL
Chico's FAS,www.chicosfas.com,0018000000US9Kr,0018000000US9KrAAL
Quanex Building Products,www.quanex.com,0018000000US9LI,0018000000US9LIAA1
Jenne,www.jenne.com,0018000000US9Lc,0018000000US9LcAAL
Humana,www.humana.com,0018000000US9Lp,0018000000US9LpAAL
Shaw Industries Group,www.shawinc.com,0018000000US9Ls,0018000000US9LsAAL
Apollo Education Group,www.apollo.edu,0018000000US9M2,0018000000US9M2AAL
NOCO Energy,www.noco.com,0018000000US9MF,0018000000US9MFAA1
Hallmark Cards,www.hallmark.com,0018000000US9MI,0018000000US9MIAA1
POOLCORP,www.poolcorp.com,0018000000US9Ms,0018000000US9MsAAL
Molina Healthcare,www.molinahealthcare.com,0018000000US9N7,0018000000US9N7AAL
CIT,www.cit.com,0018000000UTDFZ,0018000000UTDFZAA5
BNP Paribas,group.bnpparibas,0018000000UTDjq,0018000000UTDjqAAH
Credit Suisse,www.credit-suisse.com,0018000000UTDkC,0018000000UTDkCAAX
Avaya,www.avaya.com,0018000000UTDlB,0018000000UTDlBAAX
Cemex USA,www.cemex.com,0018000000UTDmJ,0018000000UTDmJAAX
Kaiser Permanente,healthy.kaiserpermanente.org,0018000000UTDpL,0018000000UTDpLAAX
Morgan Stanley,www.morganstanley.com,0018000000UTDpW,0018000000UTDpWAAX
Ally,www.ally.com,0018000000UTDpr,0018000000UTDprAAH
Eli Lilly,www.lilly.com,0018000000UTDq6,0018000000UTDq6AAH
CIBC,http://www.cibc.com,0018000000UTDq8,0018000000UTDq8AAH
Goldman Sachs,www.goldmansachs.com,0018000000UTDqF,0018000000UTDqFAAX
AIG,www.aig.com,0018000000UTDqL,0018000000UTDqLAAX
Amgen,www.amgen.com,0018000000UTDqa,0018000000UTDqaAAH
CNA,www.cna.com,0018000000UTDrB,0018000000UTDrBAAX
LeasePlan USA,www.leaseplan.com,0018000000UTDrx,0018000000UTDrxAAH
Merck,www.merck.com,0018000000UTDs3,0018000000UTDs3AAH
Norfolk Southern,www.nscorp.com,0018000000UTDtM,0018000000UTDtMAAX
Steelcase,www.steelcase.com,0018000000UTDvg,0018000000UTDvgAAH
UnitedHealth Group,www.unitedhealthgroup.com,0018000000UTDvy,0018000000UTDvyAAH
PepsiCo,www.pepsico.com,0018000000UTDw1,0018000000UTDw1AAH
KPMG,home.kpmg,0018000000UTDw8,0018000000UTDw8AAH
Ross Stores,www.rossstores.com,0018000000UTDwd,0018000000UTDwdAAH
Mastercard,www.mastercard.com,0018000000UTDxB,0018000000UTDxBAAX
Fannie Mae,www.fanniemae.com,0018000000UTDxW,0018000000UTDxWAAX
Bank of America,www.bankofamerica.com,0018000000UTDxx,0018000000UTDxxAAH
Caterpillar,www.caterpillar.com,0018000000UTDy6,0018000000UTDy6AAH
Charles Schwab,www.schwab.com,0018000000UTDyH,0018000000UTDyHAAX
Electronic Arts,www.ea.com,0018000000UTDys,0018000000UTDysAAH
Delhaize America,www.delhaizegroup.com,0018000000UTDzs,0018000000UTDzsAAH
TIAA,www.tiaa.org,0018000000UTDzx,0018000000UTDzxAAH
Dexcom,www.dexcom.com,0018000000UTE0N,0018000000UTE0NAAX
Siemens,www.siemens.com,0018000000UTE0Y,0018000000UTE0YAAX
Nike,www.nike.com,0018000000UTE0d,0018000000UTE0dAAH
BJ's Wholesale Club,www.bjs.com,0018000000UTE0p,0018000000UTE0pAAH
Barnes & Noble,www.barnesandnoble.com,0018000000UTE0s,0018000000UTE0sAAH
Utica National Insurance Company,www.umic.com,0018000000UTE0t,0018000000UTE0tAAH
HDR,www.hdrinc.com,0018000000UTE0v,0018000000UTE0vAAH
Atlanticus Holdings,https://www.atlanticus.com/,0018000000UTE10,0018000000UTE10AAH
Haworth,www.haworth.com,0018000000UTE1R,0018000000UTE1RAAX
Assurant,www.assurant.com,0018000000UTE1S,0018000000UTE1SAAX
Western Digital,www.wdc.com,0018000000UTE1w,0018000000UTE1wAAH
Target,www.target.com,0018000000UTE21,0018000000UTE21AAH
Michaels Stores,www.michaels.com,0018000000UTE3Z,0018000000UTE3ZAAX
L'Oreal USA,www.lorealusa.com,0018000000UTE3b,0018000000UTE3bAAH
Ingram Micro,www.ingrammicro.com,0018000000UTE4T,0018000000UTE4TAAX
Canon USA,www.usa.canon.com,0018000000UTE4V,0018000000UTE4VAAX
Oglethorpe Power,www.opc.com,0018000000UTE60,0018000000UTE60AAH
BMO Bank of Montreal,www.bmo.com,0018000000UTE6p,0018000000UTE6pAAH
Ameriprise Financial,www.ameriprise.com,0018000000UTE6s,0018000000UTE6sAAH
Global Payments,globalpayments.com,0018000000UTE6z,0018000000UTE6zAAH
H&R Block,www.hrblock.com,0018000000UTE73,0018000000UTE73AAH
T-Mobile,www.t-mobile.com,0018000000UTE7N,0018000000UTE7NAAX
Progress Energy,www.progress-energy.com,0018000000UTE7v,0018000000UTE7vAAH
ResMed,www.resmed.com,0018000000UTE8A,0018000000UTE8AAAX
RPC,www.rpc.net,0018000000UTE8Y,0018000000UTE8YAAX
Concepts in Pharmacuetical Rese,,0018000000UTE9q,0018000000UTE9qAAH
GEICO,www.geico.com,0018000000UTEAt,0018000000UTEAtAAP
McLane,www.mclaneco.com,0018000000UTEBB,0018000000UTEBBAA5
Equifax,www.equifax.com,0018000000UTEBG,0018000000UTEBGAA5
VF Corporation,www.vfc.com,0018000000UTEBz,0018000000UTEBzAAP
Johns Manville,www.jm.com,0018000000UTECD,0018000000UTECDAA5
Draper,www.draper.com,0018000000UTECd,0018000000UTECdAAP
Archbold Medical Center,www.archbold.org,0018000000UTEDJ,0018000000UTEDJAA5
Atrium Health Navicent,www.navicenthealth.org,0018000000UTEDO,0018000000UTEDOAA5
UNFI,www.unfi.com,0018000000UTEDY,0018000000UTEDYAA5
DentaQuest,www.dentaquest.com,0018000000UTEEM,0018000000UTEEMAA5
S. P. Richards,www.sprichards.com,0018000000UTEEX,0018000000UTEEXAA5
Broadcast Music,www.bmi.com,0018000000UTEEn,0018000000UTEEnAAP
Beazer Homes,www.beazer.com,0018000000UTEF6,0018000000UTEF6AAP
Alterra Mountain Co.,www.alterramtnco.com,0018000000UTEFC,0018000000UTEFCAA5
REI,www.rei.com,0018000000UTEFI,0018000000UTEFIAA5
Scripps Health,www.scripps.org,0018000000UTEFh,0018000000UTEFhAAP
Avery Dennison,www.averydennison.com,0018000000UTEG3,0018000000UTEG3AAP
Costco Wholesale,www.costco.com,0018000000UTEGG,0018000000UTEGGAA5
"SC Data Center, Inc.",www.scompanies.com,0018000000UTEGf,0018000000UTEGfAAP
Physician Sales Service,www.pssd.com,0018000000UTEHr,0018000000UTEHrAAP
Children's Hospital of Philadelphia,www.chop.edu,0018000000UTEIG,0018000000UTEIGAA5
Mattel,www.mattel.com,0018000000UTEIw,0018000000UTEIwAAP
Deluxe,www.deluxe.com,0018000000UTEJl,0018000000UTEJlAAP
DuPont,www.dupont.com,0018000000UTEKS,0018000000UTEKSAA5
KLA,www.kla-tencor.com,0018000000UTEKc,0018000000UTEKcAAP
Qualcomm,www.qualcomm.com,0018000000UTEKi,0018000000UTEKiAAP
Nestlé,www.nestleusa.com,0018000000UTELb,0018000000UTELbAAP
Meredith,www.meredith.com,0018000000UTELz,0018000000UTELzAAP
Dunkin',www.dunkindonuts.com,0018000000UTEMy,0018000000UTEMyAAP
The Apparel Group,www.talapparel.com,0018000000UTENX,0018000000UTENXAA5
Aegon,www.aegon.com,0018000000UTEOx,0018000000UTEOxAAP
RTI International,www.rti.org,0018000000UTEPO,0018000000UTEPOAA5
Discovery,www.discovery.com,0018000000UTEQ3,0018000000UTEQ3AAP
Stiefel Laboratories,www.stiefel.com,0018000000UTES7,0018000000UTES7AAP
Invesco,www.invesco.com,0018000000UTESH,0018000000UTESHAA5
Express Scripts,www.express-scripts.com,0018000000UTESu,0018000000UTESuAAP
Crawford,crawco.com,0018000000UTET9,0018000000UTET9AAP
Clorox,www.thecloroxcompany.com,0018000000UTETI,0018000000UTETIAA5
The Fund,http://www.thefund.com,0018000000UTEWE,0018000000UTEWEAA5
GTT Communications,www.gtt.net,0018000000UTEWy,0018000000UTEWyAAP
Graybar,www.graybar.com,0018000000UTEXQ,0018000000UTEXQAA5
Social Security Administration,www.ssa.gov,0018000000UTEXS,0018000000UTEXSAA5
Intel,www.intel.com,0018000000UTEXj,0018000000UTEXjAAP
Charles River,www.criver.com,0018000000UTEXt,0018000000UTEXtAAP
Paychex,www.paychex.com,0018000000UTEYI,0018000000UTEYIAA5
Pitney Bowes,www.pitneybowes.com,0018000000UTEYJ,0018000000UTEYJAA5
Intuit,www.intuit.com,0018000000UTEZ0,0018000000UTEZ0AAP
St. Luke's University Health Network,slhn.org,0018000000UTEZx,0018000000UTEZxAAP
Sanofi US,www.sanofi.us,0018000000UTEax,0018000000UTEaxAAH
Flowers Foods,www.flowersfoods.com,0018000000UTEbz,0018000000UTEbzAAH
SiriusXM,www.siriusxm.com,0018000000UTEc3,0018000000UTEc3AAH
Cargill,www.cargill.com,0018000000UTEcD,0018000000UTEcDAAX
Federal Reserve Bank of New York,www.newyorkfed.org,0018000000UTEdt,0018000000UTEdtAAH
Warner Bros. Discovery,www.wbd.com,0018000000UTEeA,0018000000UTEeAAAX
SENCO,www.senco.com,0018000000UTEeT,0018000000UTEeTAAX
Northside Hospital,www.northside.com,0018000000UTEeb,0018000000UTEebAAH
Molex,www.molex.com,0018000000UTEew,0018000000UTEewAAH
Schreiber Foods,www.schreiberfoods.com,0018000000UTEf8,0018000000UTEf8AAH
Illumina,www.illumina.com,0018000000UTEgV,0018000000UTEgVAAX
Ocean Spray,www.oceanspray.com,0018000000UTEhc,0018000000UTEhcAAH
Amazon.com,www.amazon.com,0018000000UTEk8,0018000000UTEk8AAH
General Parts International,www.gpi.com,0018000000UTEkN,0018000000UTEkNAAX
Wiley,www.wiley.com,0018000000UTEoK,0018000000UTEoKAAX
Thompson Hine,www.thompsonhineandflory.com,0018000000UTEoe,0018000000UTEoeAAH
Trinity Industries,www.trin.net,0018000000UTEq2,0018000000UTEq2AAH
Ecolab,www.ecolab.com,0018000000UTErq,0018000000UTErqAAH
Armstrong World Industries,www.armstrong.com,0018000000UTEti,0018000000UTEtiAAH
State Street (STT),www.statestreet.com,0018000000UTEve,0018000000UTEveAAH
Waters,www.waters.com,0018000000UTEvm,0018000000UTEvmAAH
Viking Global Investors,www.vikingglobal.com,0018000000UTEw2,0018000000UTEw2AAH
Moody's,www.moodys.com,0018000000UTEwH,0018000000UTEwHAAX
Mueller Water Products,www.muellerwaterproducts.com,0018000000UTEwJ,0018000000UTEwJAAX
Catholic Healthcare Partners,http://www.health-partners.org/,0018000000UTEwg,0018000000UTEwgAAH
Georgia Bureau of Investigation,http://gta.georgia.gov/about-gta,0018000000UTEwp,0018000000UTEwpAAH
Sonoco Alloyd,www.sonoco.com,0018000000UTEy4,0018000000UTEy4AAH
BioMarin,biomarin.com,0018000000UTF0B,0018000000UTF0BAAX
Cross Country Healthcare,http://www.crosscountryhealthcare.com,0018000000UTF0C,0018000000UTF0CAAX
Randstad USA,www.randstadusa.com,0018000000UTF1T,0018000000UTF1TAAX
Langley Federal Credit Union,www.langleyfcu.org,0018000000UTF3H,0018000000UTF3HAAX
Arrow Electronics,www.arrow.com,0018000000UTF42,0018000000UTF42AAH
KI,www.ki.com,0018000000UTF7V,0018000000UTF7VAAX
Subaru of America,www.subaru.com,0018000000UTF8Z,0018000000UTF8ZAAX
ATMi,www.atmi.com,0018000000UTF9W,0018000000UTF9WAAX
Air Products,www.airproducts.com,0018000000UTFAu,0018000000UTFAuAAP
Stage Stores,www.stagestoresinc.com,0018000000UTFBr,0018000000UTFBrAAP
Merial,www.merial.com,0018000000UTFCA,0018000000UTFCAAA5
FlightSafety,www.flightsafety.com,0018000000UTFCe,0018000000UTFCeAAP
ACH Food Companies,www.achfood.com,0018000000UTFGu,0018000000UTFGuAAP
Open Society Foundations,www.sorosfund.com,0018000000UTFKX,0018000000UTFKXAA5
Billerud North America (fka Verso Corporation),,0018000000UTFMZ,0018000000UTFMZAA5
Children's Healthcare of Atlanta,www.choa.org,0018000000UTFNc,0018000000UTFNcAAP
Recall Corporation,www.recall.com,0018000000UTFP0,0018000000UTFP0AAP
AmTrust Financial,amtrustfinancial.com,0018000000UTFRO,0018000000UTFROAA5
Kellwood,www.kellwood.com,0018000000UTFRc,0018000000UTFRcAAP
Cytec Industries,www.cytecind.com,0018000000UTFRp,0018000000UTFRpAAP
Stryker,www.stryker.com,0018000000UTFSB,0018000000UTFSBAA5
Genuine Parts Company,www.genpt.com,0018000000UTFSG,0018000000UTFSGAA5
Exact Sciences,www.exactsciences.com,0018000000UTFSL,0018000000UTFSLAA5
John Deere,www.deere.com,0018000000UTFYD,0018000000UTFYDAA5
Lxe Singapore,www.lxe.com,0018000000UTFaL,0018000000UTFaLAAX
SBLI USA,www.sbliusa.com,0018000000UTFf8,0018000000UTFf8AAH
SDI,www.sdi.com,0018000000UTFfK,0018000000UTFfKAAX
Savers,www.savers.com,0018000000UTFfs,0018000000UTFfsAAH
Lafarge North America,www.lafarge-na.com,0018000000UTFg9,0018000000UTFg9AAH
TKC HOLDINGS,www.tkcholdings.com,0018000000UTFgB,0018000000UTFgBAAX
AGCO,www.agcocorp.com,0018000000UTFik,0018000000UTFikAAH
GORE,www.gore.com,0018000000UTFj2,0018000000UTFj2AAH
Poly,www.poly.com,0018000000UTFjA,0018000000UTFjAAAX
The University of Vermont Health Network,www.uvmhealth.org,0018000000UTFkB,0018000000UTFkBAAX
Do it Best,www.doitbest.com,0018000000UTFkW,0018000000UTFkWAAX
United Rentals,www.unitedrentals.com,0018000000UTFmX,0018000000UTFmXAAX
Bekaert,http://www.bekaertna.com,0018000000UTFsz,0018000000UTFszAAH
Hearst,www.hearst.com,0018000000UTFuS,0018000000UTFuSAAX
Salvatore Ferragamo,www.ferragamo.com,0018000000UTFuv,0018000000UTFuvAAH
FHLBank Atlanta,corp.fhlbatl.com,0018000000UTFww,0018000000UTFwwAAH
Chubb,www.chubb.com,0018000000UTFxB,0018000000UTFxBAAX
Moog,www.moog.com,0018000000UTG0V,0018000000UTG0VAAX
Elevance Health,https://www.elevancehealth.com/,0018000000UTG12,0018000000UTG12AAH
Wolters Kluwer,www.wolterskluwer.com,0018000000UTG1s,0018000000UTG1sAAH
BP p.l.c.,www.bp.com,0018000000UTG7g,0018000000UTG7gAAH
Tumi,www.tumi.com,0018000000UTG84,0018000000UTG84AAH
Leviton,www.leviton.com,0018000000UTG8G,0018000000UTG8GAAX
Reuters,www.thomsonreuters.com,0018000000UTG8Z,0018000000UTG8ZAAX
Toray (America),www.toraytpa.com,0018000000UTG98,0018000000UTG98AAH
Excellus BlueCross BlueShield,www.excellusbcbs.com,0018000000UTG9Z,0018000000UTG9ZAAX
Vanguard,www.vanguard.com,0018000000UTG9m,0018000000UTG9mAAH
Gilead,www.gilead.com,0018000000UTGCB,0018000000UTGCBAA5
U.S. Xpress,www.usxpress.com,0018000000UTGCJ,0018000000UTGCJAA5
Helen Of Troy,helenoftroy.com,0018000000UTGCf,0018000000UTGCfAAP
Symetra,www.symetra.com,0018000000UTGEJ,0018000000UTGEJAA5
Kaplan,www.kaplan.com,0018000000UTGEj,0018000000UTGEjAAP
Valley National Bank,www.valley.com,0018000000UTGHC,0018000000UTGHCAA5
PerkinElmer,www.perkinelmer.com,0018000000UTGIq,0018000000UTGIqAAP
Paradies Lagardère Travel Retail,paradieslagardere.com,0018000000UTGNZ,0018000000UTGNZAA5
Supplies Network,www.suppliesnetwork.com,0018000000UTGPd,0018000000UTGPdAAP
PeproTech,www.peprotech.com,0018000000UTGSC,0018000000UTGSCAA5
Boart Longyear,www.boartlongyear.com,0018000000UTGUi,0018000000UTGUiAAP
Marcone,www.marcone.com,0018000000UTGWO,0018000000UTGWOAA5
Saint Vincent Health Center,https://erie.ahn.org/,0018000000UTGZA,0018000000UTGZAAA5
Froalca,www.folica.com,0018000000UTGZP,0018000000UTGZPAA5
Hitachi Metals America,www.hitachimetals.com,0018000000UTGgr,0018000000UTGgrAAH
JetBlue Airways,www.jetblue.com,0018000000UTGks,0018000000UTGksAAH
LionsGate Entertainment,www.lionsgate.com,0018000000UTGrE,0018000000UTGrEAAX
NYU Langone Health,nyulangone.org,0018000000UTGrf,0018000000UTGrfAAH
Manulife Financial,https://www.manulife.com/,0018000000UTGsC,0018000000UTGsCAAX
FedEx,www.fedex.com,0018000000UTGu4,0018000000UTGu4AAH
"The Juice Plus+ Company, LLC.",https://www.juiceplus.com/us/en,0018000000Uqye6,0018000000Uqye6AAB
Raymond James,www.raymondjames.com,0018000000UrPhF,0018000000UrPhFAAV
Hasbro,www.hasbro.com,0018000000Urmxu,0018000000UrmxuAAB
Textron,www.textron.com,0018000000Urn87,0018000000Urn87AAB
Synopsys,www.synopsys.com,0018000000Usg91,0018000000Usg91AAB
Edward Jones,www.edwardjones.com,0018000000UuaVB,0018000000UuaVBAAZ
Capital Group,www.capitalgroup.com,0018000000V5ynR,0018000000V5ynRAAR
Life Technologies,www.lifetech.com,0018000000VYaJ8,0018000000VYaJ8AAL
Vertrue,www.vertrue.com,0018000000VZ0gc,0018000000VZ0gcAAD
B&D Industrial,www.bdindustrial.com,0018000000WDS3T,0018000000WDS3TAAX
UScellular,www.uscellular.com,0018000000WiuNB,0018000000WiuNBAAZ
Amerivend,www.macgray.com,0018000000XfUBO,0018000000XfUBOAA3
Budco,www.budco.com,0018000000Yd8mu,0018000000Yd8muAAB
Broadridge Financial Solutions,www.broadridge.com,0018000000YdD8K,0018000000YdD8KAAV
Visiting Nurse Service of New York,www.vnsny.org,0018000000YdD8g,0018000000YdD8gAAF
Children's National,www.childrensnational.org,0018000000Yqm08,0018000000Yqm08AAB
MAXIMUS,www.maximus.com,0018000000Yqm0a,0018000000Yqm0aAAB
NCI,www.nciinc.com,0018000000Yqm0e,0018000000Yqm0eAAB
Ratner Companies,www.ratnerco.com,0018000000Yqm0p,0018000000Yqm0pAAB
SteelFab,www.steelfab-inc.com,0018000000YrofK,0018000000YrofKAAR
Vesta Inc,www.vestainc.com,0018000000YtgKL,0018000000YtgKLAAZ
Jazz Pharmaceuticals,www.jazzpharma.com,0018000000ZBCpm,0018000000ZBCpmAAH
Trimble,www.trimble.com,0018000000ZF8m4,0018000000ZF8m4AAD
Intuitive Surgical,intuitive.com/en-us/,0018000000ZF8m5,0018000000ZF8m5AAD
Align Technology,www.aligntech.com,0018000000ZF8mS,0018000000ZF8mSAAT
Immucor,www.immucor.com,0018000000Zc5QF,0018000000Zc5QFAAZ
InComm Payments,www.incomm.com,0018000000Zdozi,0018000000ZdoziAAB
BNSF Railway,www.bnsf.com,0018000000aEwBA,0018000000aEwBAAA0
Aimco,www.aimco.com,0018000000as3rV,0018000000as3rVAAQ
Sigma,www.sigmafaucet.com,0018000000avpsx,0018000000avpsxAAA
Amoena,www.amoena.com,0018000000avpvr,0018000000avpvrAAA
Grant Thornton,www.grantthornton.com,0018000000awOJt,0018000000awOJtAAM
Hub International,www.hubinternational.com,0018000000awP9A,0018000000awP9AAAU
Blue Cross Blue Shield,www.bcbs.com,0018000000awP9J,0018000000awP9JAAU
Swedish Covenant Hospital,swedishcovenant.org,0018000000awP9M,0018000000awP9MAAU
CME Group,www.cmegroup.com,0018000000awP9j,0018000000awP9jAAE
Alliant Credit Union,http://www.alliantcreditunion.org,0018000000awPFS,0018000000awPFSAA2
Market Velocity,www.marketvelocity.com,0018000000az3BT,0018000000az3BTAAY
aero-med.com,http://www.myaeromed.com/,0018000000bP9Co,0018000000bP9CoAAK
National Christian Foundation,www.nationalchristian.com,0018000000buPyk,0018000000buPykAAE
LifeSync,www.americanbiosurgical.com,0018000000bvoOA,0018000000bvoOAAAY
Aspen Surgical Products,www.aspensurgical.com,0018000000cTfIL,0018000000cTfILAA0
Argon Medical,www.argonmedical.com,0018000000cTfQj,0018000000cTfQjAAK
Deutsch aka Mirage Glass & Tile,www.mirageusa.net,0018000000dJ0si,0018000000dJ0siAAC
RSM US,www.rsmus.com,0018000000dJcIf,0018000000dJcIfAAK
BNY Mellon,www.bnymellon.com,0018000000dKfB0,0018000000dKfB0AAK
St. Mary's Medical Center,www.st-marys.org,0018000000dLVXC,0018000000dLVXCAA4
Prairie Capital,www.prairie-capital.com,0018000000dLlmb,0018000000dLlmbAAC
Nautic Partners,www.nautic.com,0018000000dN0fu,0018000000dN0fuAAC
St. Luke's Episcopal Hospital,www.sleh.com,0018000000ejdRR,0018000000ejdRRAAY
SlingStone,www.slingstoneproducts.com,0018000000ekZ4M,0018000000ekZ4MAAU
Availity,www.availity.com,0018000000ekguQ,0018000000ekguQAAQ
Citco,www.citco.com,0018000000ekjo8,0018000000ekjo8AAA
Pacific Life,www.pacificlife.com,0018000000ekjpG,0018000000ekjpGAAQ
The Carlyle Group,www.carlyle.com,0018000000ekjpp,0018000000ekjppAAA
Pragma Securities,www.pragmatrading.com,0018000000ekxDm,0018000000ekxDmAAI
Amedisys,www.amedisys.com,0018000000emIKY,0018000000emIKYAA2
W.B. Mason,www.wbmason.com,0018000000emjmS,0018000000emjmSAAQ
Keurig Green Mountain,www.keuriggreenmountain.com,0018000000fxegi,0018000000fxegiAAA
Earth Networks,www.earthnetworks.com,0018000000fyaJt,0018000000fyaJtAAI
Progressive Insurance,www.progressive.com,0018000000glLfn,0018000000glLfnAAE
EZ Prints,www.ezprints.com,0018000000gmWHR,0018000000gmWHRAA2
The Aspen Brands,www.theaspenbrands.com,0018000000gn5CH,0018000000gn5CHAAY
Papa John's,www.papajohns.com,0018000000he009,0018000000he009AAA
Best Buy,www.bestbuy.com,0018000000heJJa,0018000000heJJaAAM
American Cancer Society,www.cancer.org,0018000000hfV8l,0018000000hfV8lAAE
Protective Life Insurance Company,www.protective.com,0018000000hfoWe,0018000000hfoWeAAI
Dana-Farber Cancer Institute,www.dana-farber.org,0018000000iLpAX,0018000000iLpAXAA0
Sisters of Charity Health System,www.sistersofcharityhealth.org,0018000000j8xOl,0018000000j8xOlAAI
Tighitco,www.tighitco.com,0018000000j9INc,0018000000j9INcAAM
SmartSpend1,,0018000000j9Mo8,0018000000j9Mo8AAE
Masters Pharmaceutical,www.mastersrx.com,0018000000kMogJ,0018000000kMogJAAS
MetLife,www.metlife.com,0018000000kOJ7t,0018000000kOJ7tAAG
Franciscan Missionaries of Our Lady Health System,www.fmolhs.org,0018000000kOOM4,0018000000kOOM4AAO
Quality Steel Corporation,qualitysteelcorporation.com,0018000000lR7ke,0018000000lR7keAAC
Solyndra,www.solyndra.com,0018000000lRda4,0018000000lRda4AAC
St. Rose Hospital,www.strosehospital.org,0018000000lToIc,0018000000lToIcAAK
Titan Motorsports,www.titanmotorsports.com,0018000000mFJKM,0018000000mFJKMAA4
iRobot,www.irobot.com,0018000000mrZfN,0018000000mrZfNAAU
Consumer Cellular,www.consumercellular.com,0018b00001u30Wf,0018b00001u30WfAAI
Vallen Distribution,www.vallen.com,0018b00001u30Yk,0018b00001u30YkAAI
DoorDash,www.doordash.com,0018b00001u30aY,0018b00001u30aYAAQ
SDGE,www.sdge.com,0018b00001u30bN,0018b00001u30bNAAQ
TikTok,www.tiktok.com,0018b00001u30dw,0018b00001u30dwAAA
Valet Living,www.valetliving.com,0018b00001u30fB,0018b00001u30fBAAQ
Yahoo!,www.yahoo.com,0018b00001u30ko,0018b00001u30koAAA
Organon,www.organon.com,0018b00001u30lL,0018b00001u30lLAAQ
Troon,www.troon.com,0018b00001u30pg,0018b00001u30pgAAA
Chewy,www.chewy.com,0018b00001u30re,0018b00001u30reAAA
PPG Paints,www.ppgpaints.com,0018b00001u30t6,0018b00001u30t6AAA
CRH Americas,www.crhamericas.com,0018b00001u30tC,0018b00001u30tCAAQ
CSC,www.csc-usa.com,0018b00001u30uh,0018b00001u30uhAAA
Canva,https://www.canva.com/,0018b00001u3Kd2,0018b00001u3Kd2AAE
TMX,www.tmx.com,0018b00001vMqfl,0018b00001vMqflAAC
Gong,https://www.gong.io/,0018b00001vN6dD,0018b00001vN6dDAAS
Inovalon,www.inovalon.com,0018b00001vNMgX,0018b00001vNMgXAAW
Block,block.xyz,0018b00001vNTAv,0018b00001vNTAvAAO
Symphony Consulting,http://www.symphonyconsult.com/,0018b00001vNdfI,0018b00001vNdfIAAS
Contentful,www.contentful.com,0018b00001vOPi1,0018b00001vOPi1AAG
NPI Bank and Trust,,0018b00001vPvki,0018b00001vPvkiAAC
Bounteous,www.bounteous.com,0018b00001vQSKL,0018b00001vQSKLAA4
Solidigm,solidigmtechnology.com,0018b00001wWTbu,0018b00001wWTbuAAG
Farm Credit Bank of Texas,https://www.farmcreditbank.com/,0018b00001wYL6W,0018b00001wYL6WAAW
Delinea,www.delinea.com,0018b00001wYPf5,0018b00001wYPf5AAG
Kyndryl,www.kyndryl.com,0018b00001wYgea,0018b00001wYgeaAAC
DXC Technology,www.dxc.com,0018b000021KWeJ,0018b000021KWeJAAW
TEST NPI Acct,,0018b000021N7yY,0018b000021N7yYAAS
BC Partners,www.bcpartners.com,0018b00002220Cf,0018b00002220CfAAI
American Residential Services,www.ars.com,0018b000022Xxkc,0018b000022XxkcAAC
"AAA Northern CA, AK, AZ, MT, NV, UT, WY",mwg.aaa.com,0018b000022XxqV,0018b000022XxqVAAS
NTT Global Sourcing,https://nttsourcing.com/,0018b000022Xxsv,0018b000022XxsvAAC
Fulton Bank,www.fultonbank.com,0018b000024VJvv,0018b000024VJvvAAG
SimpliSafe,www.simplisafe.com,0018b000024Z5FR,0018b000024Z5FRAA0
Davies Group,www.davies-group.com,0018b000024ZFmd,0018b000024ZFmdAAG
GFL Environmental,www.gflenv.com,0018b000024nUIW,0018b000024nUIWAA2
OpenAI,www.openai.com,0018b000024uogD,0018b000024uogDAAQ
McKinsey & Company,www.mckinsey.com,0018b000025pDHw,0018b000025pDHwAAM
Springer Nature,www.springernature.com,0018b000027tU5W,0018b000027tU5WAAU
Lincoln International,www.lincolninternational.com,0018b00002BW3ke,0018b00002BW3keAAD
Entain,https://entaingroup.com/,0018b00002Em3U1,0018b00002Em3U1AAJ
Aenova,https://www.aenova-group.com,0018b00002INLab,0018b00002INLabAAH
Patriot Growth Insurance Services,www.patriotgis.com,0018b00002IPb8J,0018b00002IPb8JAAT
"Benton, Dickinson and Company",https://www.bd.com/en-us,0018b00002IZC1K,0018b00002IZC1KAAX
Axon,www.axon.com,0018b00002IZHTb,0018b00002IZHTbAAP
Polsinelli LLP,www.polsinelli.com,0018b00002IZMAE,0018b00002IZMAEAA5
Rise Broadband,www.risebroadband.com,0018b00002JbO5a,0018b00002JbO5aAAF
Jama Software,www.jamasoftware.com,0018b00002JcyR4,0018b00002JcyR4AAJ
The Pokemon Company International,www.pokemon.com,0018b00002MZ5LD,0018b00002MZ5LDAA1
BCP (Banco de Crédito del Perú),www.viabcp.com,0018b00002OGOQL,0018b00002OGOQLAA5
Revo Health,revohealth.com,0018b00002OKQf5,0018b00002OKQf5AAH
Tiger Infrastructure Partners,www.tigerinfrastructure.com,0018b00002QpOKe,0018b00002QpOKeAAN
Martin's Point Health Care,www.martinspoint.org,0018b00002SDPG4,0018b00002SDPG4AAP
Nubank,nubank.com.br,0018b00002TRyvj,0018b00002TRyvjAAD
COSTA FARMS,www.costafarms.com,0018b00002UEKbs,0018b00002UEKbsAAH
VitalSource Technologies,www.vitalsource.com,0018b00002UH3XN,0018b00002UH3XNAA1
Worldpay,https://go.worldpay.com/Whyworldpay,0018b00002UHepq,0018b00002UHepqAAD
CarepathRX,www.carepathrxllc.com,0018b00002WpHGE,0018b00002WpHGEAA3
Cimpress,www.cimpress.com,0018b00002Yclqv,0018b00002YclqvAAB
GTCR,www.gtcr.com,0018b00002YfGjf,0018b00002YfGjfAAF
Shawbrook Bank,https://www.shawbrook.co.uk/,0018b00002aAwFk,0018b00002aAwFkAAK
Emerson Hospital,www.emersonhospital.org,001C000000mt6dA,001C000000mt6dAIAQ
Intermountain Healthcare,www.intermountainhealthcare.org,001C000000mt6f7,001C000000mt6f7IAA
Moffitt Cancer Center,www.moffitt.org,001C000000mtCpU,001C000000mtCpUIAU
Cornerstone OnDemand,https://www.cornerstoneondemand.com/,001C000000nZ4Fm,001C000000nZ4FmIAK
BeyondTrust,www.beyondtrust.com,001C000000nZ5V0,001C000000nZ5V0IAK
Barrett Distribution,www.barrettdistribution.com,001C000000nZnMk,001C000000nZnMkIAK
Concept Pharmaceuticals,www.conceptpharm.com,001C000000oYGon,001C000000oYGonIAG
Immediate Pharmaceutical Services,www.ipsrx.com,001C000000oYGp2,001C000000oYGp2IAG
F. Schumacher,www.fschumacher.com,001C000000oYlwp,001C000000oYlwpIAC
Gogotech,www.gogotech.com,001C000000oYm4E,001C000000oYm4EIAS
Life Care Centers of America,www.lcca.com,001C000000oYowc,001C000000oYowcIAC
Tivity Health,www.tivityhealth.com,001C000000oYoyU,001C000000oYoyUIAS
Habersham Metal Products,www.habershammetal.com,001C000000oYpc0,001C000000oYpc0IAC
Melaleuca,www.melaleuca.com,001C000000oYq33,001C000000oYq33IAC
Orbit Logistics Inc,www.orbitlogistics.com,001C000000oYqYM,001C000000oYqYMIA0
Direct Communications,www.directcomgroup.com,001C000000oZ1MS,001C000000oZ1MSIA0
Wedgewood Pharmacy,www.wedgewood.com,001C000000oZ1hz,001C000000oZ1hzIAC
TreeHouse Foods,www.treehousefoods.com,001C000000oZPN5,001C000000oZPN5IAO
Enel X,www.enernoc.com,001C000000oZQpb,001C000000oZQpbIAG
PREZIO,www.preziohealth.com,001C000000qAqXx,001C000000qAqXxIAK
Children's Health,www.childrens.com,001C000000qAtRp,001C000000qAtRpIAK
Alameda Health System,www.alamedahealthsystem.org,001C000000qnZrM,001C000000qnZrMIAU
Toppan Photomasks,www.photomask.com,001C000000qot1q,001C000000qot1qIAA
Aera Energy,www.aeraenergy.com,001C000000rL7hx,001C000000rL7hxIAC
Waste Management,www.wm.com,001C000000rL9GW,001C000000rL9GWIA0
Farmers Insurance,www.farmers.com,001C000000rL9T5,001C000000rL9T5IAK
Marvell Technology,www.marvell.com,001C000000rL9WT,001C000000rL9WTIA0
Baton Rouge General,www.brgeneral.org,001C000000rLBa9,001C000000rLBa9IAG
Capital One Financial,www.capitalone.com,001C000000rLBbL,001C000000rLBbLIAW
OG&E,www.oge.com,001C000000rLUw1,001C000000rLUw1IAG
Tangoe,www.tangoe.com,001C000000rNc11,001C000000rNc11IAC
Kimberly-Clark Corporation,www.kimberly-clark.com,001C000000raSJv,001C000000raSJvIAM
BJC HealthCare,www.bjc.org,001C000000rrno0,001C000000rrno0IAA
Starboard Cruise Services,www.starboardcruise.com,001C000000sNRBP,001C000000sNRBPIA4
California Pizza Kitchen,www.cpk.com,001C000000sNS6Y,001C000000sNS6YIAW
Live Nation Entertainment,www.livenationentertainment.com,001C000000sNXWQ,001C000000sNXWQIA4
Insight,www.insight.com,001C000000sNdOc,001C000000sNdOcIAK
Mercury Insurance,www.mercuryinsurance.com,001C000000tK7zQ,001C000000tK7zQIAS
Scotiabank,www.scotiabank.com,001C000000tVs7g,001C000000tVs7gIAC
Buckeye Partners,www.buckeye.com,001C000000udg7P,001C000000udg7PIAQ
Netflix,www.netflix.com,001C000000udgdX,001C000000udgdXIAQ
Tastefully Simple,http://www.tastefullysimple.com,001C000000ug8tA,001C000000ug8tAIAQ
Sammons Financial Group,www.sammonsfinancialgroup.com,001C000000unHI2,001C000000unHI2IAM
Floyd Medical Center,www.floyd.org,001C000000vT8QW,001C000000vT8QWIA0
Circle Graphics,www.circlegraphicsonline.com,001C000000vV1e8,001C000000vV1e8IAC
Complete Genomics,http://www.completegenomics.com,001C000000vlKY9,001C000000vlKY9IAM
Genomic Health,www.genomichealth.com,001C000000w5ygs,001C000000w5ygsIAA
Portland General Electric,www.portlandgeneral.com,001C000000w7LeV,001C000000w7LeVIAU
Planview,www.planview.com,001C000000wm7Oc,001C000000wm7OcIAI
Rush,www.rush.edu,001C000000xP0uE,001C000000xP0uEIAS
Aquent,www.aquent.com,001C000000xP4st,001C000000xP4stIAC
Fir Tree Partners,www.firtree.com,001C000000y0Tcl,001C000000y0TclIAE
Equinix,www.equinix.com,001C000000y0UT4,001C000000y0UT4IAM
CoxHealth,www.coxhealth.com,001C000000z6kWw,001C000000z6kWwIAI
Intrado,www.intrado.com,001C000000zayJs,001C000000zayJsIAI
A2 Global,www.americaII.com,001C0000010mlEt,001C0000010mlEtIAI
Flagstar Financial,www.flagstar.com,001C0000010mqzW,001C0000010mqzWIAQ
New Relic,www.newrelic.com,001C0000011qGaB,001C0000011qGaBIAU
TE Connectivity,www.te.com,001C0000012JTMr,001C0000012JTMrIAO
Bryan Cave Leighton Paisner,bclplaw.com,001C0000012K31i,001C0000012K31iIAC
Ellucian,www.ellucian.com,001C0000012Ye7I,001C0000012Ye7IIAS
Discover,www.discover.com,001C0000012YiA3,001C0000012YiA3IAK
Circle K,www.circlek.com,001C0000012ZDbe,001C0000012ZDbeIAG
CSAA Insurance Group,csaa-insurance.aaa.com,001C0000012ZRhZ,001C0000012ZRhZIAW
Williams Teleconsulting,www.macbethwilliams.com,001C0000012a6LG,001C0000012a6LGIAY
Atlas World Group,www.atlasworldgroupinc.com,001C0000014JGTT,001C0000014JGTTIA4
Cytec Surface Specialties,www.cytec.com,001C0000014JJXV,001C0000014JJXVIA4
US Bancorp,www.usbank.com,001C0000014JeEC,001C0000014JeECIA0
PointClickCare,www.pointclickcare.com,001C0000014Kkbh,001C0000014KkbhIAC
The CMI Group,www.thecmigroup.com,001C0000014L7lT,001C0000014L7lTIAS
Harland Clarke,www.harlandclarke.com,001C0000014LOU4,001C0000014LOU4IAO
Plymouth Rock Assurance,www.plymouthrock.com,001C0000014LQIg,001C0000014LQIgIAO
Brand Energy,www.beis.com,001C0000014LWYc,001C0000014LWYcIAO
BECU,www.becu.org,001C0000014LcVi,001C0000014LcViIAK
Webster Bank,www.websteronline.com,001C0000014NFpL,001C0000014NFpLIAW
Francisco Partners,www.franciscopartners.com,001C0000015rojp,001C0000015rojpIAA
Good Samaritan Medical Center,www.gshleb.org,001C0000015tcX1,001C0000015tcX1IAI
Precor,www.precor.com,001C0000016MGDg,001C0000016MGDgIAO
Schneider Electric (SE),www.se.com,001C0000016OSwN,001C0000016OSwNIAW
"Robeco Investment Management, Inc.",www.robeco.com,001C0000017QJOD,001C0000017QJODIA4
AES,www.aes.com,001C0000017QJjB,001C0000017QJjBIAW
Smartsheet,www.smartsheet.com,001C0000017T2C8,001C0000017T2C8IAK
Memorial Health System,www.choosememorial.org,001C0000017TXM8,001C0000017TXM8IAO
Mitel,www.mitel.com,001C0000017TtX6,001C0000017TtX6IAK
Boston Consulting Group (BCG),www.bcg.com,001C0000018mn9E,001C0000018mn9EIAQ
Prism Healthcare Partners,www.prismhealthcare.com,001C0000018nTpS,001C0000018nTpSIAU
CARDONE Industries,www.cardone.com,001C0000018nd6o,001C0000018nd6oIAA
NAVEX Global,www.navex.com,001C0000018oU6Q,001C0000018oU6QIAU
Kinecta Federal Credit Union,www.kinecta.org,001C0000018pj6b,001C0000018pj6bIAA
DTCC,www.dtcc.com,001C0000019zKWp,001C0000019zKWpIAM
Sotheby's,www.sothebys.com,001C0000019zOLr,001C0000019zOLrIAM
Children's Hospital Colorado,www.childrenscolorado.org,001C0000019zQqS,001C0000019zQqSIAU
Capgemini,www.capgemini.com,001C000001Ao5vn,001C000001Ao5vnIAB
Vandalia Health,www.camc.org,001C000001AqyWz,001C000001AqyWzIAJ
Perforce Software,www.perforce.com,001C000001Ar2gv,001C000001Ar2gvIAB
Ascend,www.ascendmaterials.com,001C000001EGQPb,001C000001EGQPbIAP
Marathon Petroleum,www.marathonpetroleum.com,001C000001EIOjD,001C000001EIOjDIAX
The Bradford Exchange,www.bradfordexchange.com,001C000001EJOAN,001C000001EJOANIA5
Evercore Group,www.evercore.com,001C000001F8emq,001C000001F8emqIAB
The Christ Hospital,www.thechristhospital.com,001C000001FAAgG,001C000001FAAgGIAX
Senqcia Maxco,www.hitmax.com,001C000001FbxT6,001C000001FbxT6IAJ
Motorola Solutions,www.motorolasolutions.com,001C000001FemJJ,001C000001FemJJIAZ
Baptist Health,www.baptist-health.com,001C000001GX66e,001C000001GX66eIAD
Saint Luke’s Health System,www.saintlukeskc.org,001C000001HNTGF,001C000001HNTGFIA5
Elavon,www.elavon.com,001C000001HPTaS,001C000001HPTaSIAX
AmeriHealth Caritas,www.amerihealthcaritas.com,001C000001HQkw5,001C000001HQkw5IAD
Michael Kors,www.michaelkors.com,001C000001HQzl3,001C000001HQzl3IAD
Western Union,www.westernunion.com,001C000001IWXnS,001C000001IWXnSIAX
Yazaki North America,www.yazaki-na.com,001C000001JPQDg,001C000001JPQDgIAP
Baptist Health,www.baptisthealth.com,001C000001JQDtZ,001C000001JQDtZIAX
loanDepot,www.loandepot.com,001C000001JQDv1,001C000001JQDv1IAH
Thrivent Financial,www.thrivent.com,001C000001JREPj,001C000001JREPjIAP
Hancock Whitney,www.hancockwhitney.com,001C000001L0Ga9,001C000001L0Ga9IAF
AECOM,www.aecom.com,001C000001L0LnL,001C000001L0LnLIAV
RampRate,www.ramprate.com,001C000001L1Rxk,001C000001L1RxkIAF
CDK Global,www.cdkglobal.com,001C000001Ln2Tf,001C000001Ln2TfIAJ
Faith Regional Health,www.frhs.org,001C000001LppKH,001C000001LppKHIAZ
Osmose,www.osmose.com,001C000001Mnm7S,001C000001Mnm7SIAR
Coyote Logistics,www.coyote.com,001C000001NYCZl,001C000001NYCZlIAP
Seattle Children's Hospital,www.seattlechildrens.org,001C000001NYFXK,001C000001NYFXKIA5
Navy Federal Credit Union,www.navyfederal.org,001C000001NYp5F,001C000001NYp5FIAT
SailPoint,www.sailpoint.com,001C000001O2oQh,001C000001O2oQhIAJ
Blessing Health System,www.blessinghealth.org,001C000001O3dZz,001C000001O3dZzIAJ
Hanon Systems,www.hanonsystems.com,001C000001ORmUV,001C000001ORmUVIA1
Quoizel,www.quoizel.com,001C000001OS8ny,001C000001OS8nyIAD
Sony,www.sony.net,001C000001Peanq,001C000001PeanqIAB
MultiPlan,multiplan.us,001C000001Pf4S4,001C000001Pf4S4IAJ
Mouser Electronics,www.mouser.com,001C000001PfJE1,001C000001PfJE1IAN
Wintec Industries,http://www.wintecind.com,001C000001PfWOL,001C000001PfWOLIA3
Vorwerk,corporate.vorwerk.com,001C000001Q7fHS,001C000001Q7fHSIAZ
Crosslake Tech,https://crosslaketech.com/,001Qg000004tpij,001Qg000004tpijIAA
American Chemical Society,www.acs.org,001Qg0000061mLi,001Qg0000061mLiIAI
CAPTRUST,www.captrust.com,001Qg000006QhGS,001Qg000006QhGSIA0
Charlotte Pipe,www.charlottepipe.com,001Qg000006QhGt,001Qg000006QhGtIAK
National Gypsum,www.nationalgypsum.com,001Qg000006QhGx,001Qg000006QhGxIAK
Atlas,www.oneatlas.com,001Qg000006QiHs,001Qg000006QiHsIAK
The RealReal,www.therealreal.com,001Qg000006QiJh,001Qg000006QiJhIAK
West Shore Home,www.westshorehome.com,001Qg000006QiXY,001Qg000006QiXYIA0
Atlantic Union Bank,www.atlanticunionbank.com,001Qg000006QicO,001Qg000006QicOIAS
Multi Media LLC,www.multimediallc.com,001Qg000007UFdZ,001Qg000007UFdZIAW
Access Corp,www.accesscorp.com,001Qg0000081IuN,001Qg0000081IuNIAU
Grande Cheese Company,grande.com,001Qg000008DNyJ,001Qg000008DNyJIAW
McKesson,mms.mckesson.com,001Qg000008bBBg,001Qg000008bBBgIAM
TAG,www.teamtag.com,001Qg000008bEb2,001Qg000008bEb2IAE
PCI Pharma Services,www.pci.com,001Qg000008bKOX,001Qg000008bKOXIA2
Falfurrias Capital Partners,www.falfurriascapital.com,001Qg000008vr7q,001Qg000008vr7qIAA
Venterra Realty,www.venterraliving.com,001Qg000008vw1f,001Qg000008vw1fIAA
Faegre Drinker,www.faegredrinker.com,001Qg000008wBgK,001Qg000008wBgKIAU
ENTRUST Solutions Group,www.entrustsol.com,001Qg000008wBhp,001Qg000008wBhpIAE
Reputation,www.reputation.com,001Qg000009wUGi,001Qg000009wUGiIAM
Advanced,www.oneadvanced.com,001Qg00000AJFYg,001Qg00000AJFYgIAP
Merative,www.merative.com,001Qg00000ArqHI,001Qg00000ArqHIIAZ
Weisiger Group,www.weisigergroup.com,001Qg00000Asgz1,001Qg00000Asgz1IAB
NorthMark Strategies,alcority.com,001Qg00000BAhyF,001Qg00000BAhyFIAT
First National Bank of Omaha,www.fnbo.com,001Qg00000BJU5m,001Qg00000BJU5mIAH
L.E.K. Consulting,www.lek.com,001Qg00000BV4Yt,001Qg00000BV4YtIAL
NMI,www.nmi.com,001Qg00000Bb2UN,001Qg00000Bb2UNIAZ
LastPass,www.lastpass.com,001Qg00000Bb7Af,001Qg00000Bb7AfIAJ
Xplor,www.xplortechnologies.com,001Qg00000Bc6qu,001Qg00000Bc6quIAB
Pyramid Healthcare,www.pyramidhc.com,001Qg00000CEkaN,001Qg00000CEkaNIAT
Resonetics,www.resonetics.com,001Qg00000DHzUD,001Qg00000DHzUDIA1
Senske Services,www.senske.com,001Qg00000EYPX1,001Qg00000EYPX1IAP
Dayforce,www.dayforce.com,001Qg00000GfIXd,001Qg00000GfIXdIAN
Sandisk,sandisk.com,001Qg00000IFA7x,001Qg00000IFA7xIAH
Omnissa,https://www.omnissa.com/,001Qg00000IG8fE,001Qg00000IG8fEIAT
Quorum Software (FKA Quorum Business Solutions),www.quorumsoftware.com,001Qg00000J2EDe,001Qg00000J2EDeIAN
Park National Bank,www.parknationalbank.com,001Qg00000JpZnC,001Qg00000JpZnCIAV
Raiffeisen Bank International,www.rbinternational.com,001Qg00000L3y5B,001Qg00000L3y5BIAR
Bottomline Technologies,https://www.bottomline.com/us,001Qg00000LVy2E,001Qg00000LVy2EIAT
Alberta Blue Cross,www.bluecross.ca,001Qg00000Lf086,001Qg00000Lf086IAB
MRI Software LLC,www.mrisoftware.com,001Qg00000MLIIM,001Qg00000MLIIMIA5
Integrity,www.integrity.com,001Qg00000OgDU1,001Qg00000OgDU1IAN
Datavant,www.datavant.com,001Qg00000OgTdh,001Qg00000OgTdhIAF
Zaxby’s,www.zaxbys.com,001Qg00000OgTfw,001Qg00000OgTfwIAF
Everon,www.everonsolutions.com,001Qg00000OgTsG,001Qg00000OgTsGIAV
Deliveroo,www.deliveroo.co.uk,001Qg00000Q95Cp,001Qg00000Q95CpIAJ
The Weather Company,www.weathercompany.com,001Qg00000Tual2,001Qg00000Tual2IAB
Discovery Education,www.discoveryeducation.com,001Qg00000TvG4A,001Qg00000TvG4AIAV
Unlimited Systems,www.unlimitedsystems.com,001Qg00000TvG4E,001Qg00000TvG4EIAV
GAINSystems,www.gainsystems.com,001Qg00000TvH8I,001Qg00000TvH8IIAV
Constructor,www.constructor.com,001Qg00000X7ANv,001Qg00000X7ANvIAN
Ask4,https://www.ask4.com/,001Qg00000YhiGk,001Qg00000YhiGkIAJ
Leonard Green & Partners,www.leonardgreen.com,001Qg00000ZO5FK,001Qg00000ZO5FKIA1
GI Partners,www.gipartners.com,001Qg00000ZOFOO,001Qg00000ZOFOOIA5
FTV Capital,www.ftvcapital.com,001Qg00000ZOJYR,001Qg00000ZOJYRIA5
Sentinel Capital Partners,www.sentinelpartners.com,001Qg00000ZOOLE,001Qg00000ZOOLEIA5
New Mountain Capital,www.newmountaincapital.com,001Qg00000ZOOps,001Qg00000ZOOpsIAH
American Industrial Partners,www.americanindustrial.com,001Qg00000ZOTvy,001Qg00000ZOTvyIAH
Great Hill Partners,www.greathillpartners.com,001Qg00000ZOcfu,001Qg00000ZOcfuIAD
Vitruvian Partners,www.vitruvianpartners.com,001Qg00000ZOfcA,001Qg00000ZOfcAIAT
Kohlberg & Company,www.kohlberg.com,001Qg00000ZOiLX,001Qg00000ZOiLXIA1
Pacific Alliance Group,www.pag.com,001Qg00000ZOjXi,001Qg00000ZOjXiIAL
Rockpoint Group,www.rockpoint.com,001Qg00000ZOkVO,001Qg00000ZOkVOIA1
Marlin Equity Partners,www.marlinequity.com,001Qg00000ZOmdd,001Qg00000ZOmddIAD
Blackstone GP Stakes,,001Qg00000ZTXXg,001Qg00000ZTXXgIAP
Spire Orthopedic Partners,www.spireortho.com,001Qg00000ZiE06,001Qg00000ZiE06IAF
AddMan,www.addman.se,001Qg00000ZiMc0,001Qg00000ZiMc0IAF
VetPartners,www.vetpartners.co.uk,001Qg00000ZiZ4R,001Qg00000ZiZ4RIAV
Rectangle Health,www.rectanglehealth.com,001Qg00000ZirPW,001Qg00000ZirPWIAZ
Togetherwork,www.togetherwork.com,001Qg00000ZirPZ,001Qg00000ZirPZIAZ
Egnyte,www.egnyte.com,001Qg00000ZirPe,001Qg00000ZirPeIAJ
MedVet,www.medvetforpets.com,001Qg00000ZirUY,001Qg00000ZirUYIAZ
WCG,www.wcginc.com,001Qg00000ZirUk,001Qg00000ZirUkIAJ
Heimdal Security,www.heimdalsecurity.com,001Qg00000Ziuyo,001Qg00000ZiuyoIAB
Keyloop,www.keyloop.com,001Qg00000Ziwyf,001Qg00000ZiwyfIAB
Redis,www.redis.io,001Qg00000Ziwyi,001Qg00000ZiwyiIAB
BARBRI,www.barbri.com,001Qg00000Ziwyl,001Qg00000ZiwylIAB
MyFitnessPal,www.myfitnesspal.com,001Qg00000Ziwyo,001Qg00000ZiwyoIAB
Aeries,www.aeries.com,001Qg00000Ziwyp,001Qg00000ZiwypIAB
GreenSlate,www.greenslate.com,001Qg00000Ziwyx,001Qg00000ZiwyxIAB
Kyruus Health,www.kyruushealth.com,001Qg00000Ziwyz,001Qg00000ZiwyzIAB
Bridgeview Eye Partners,www.bridgevieweye.com,001Qg00000Zj0Mc,001Qg00000Zj0McIAJ
Vagaro,www.vagaro.com,001Qg00000Zj0xb,001Qg00000Zj0xbIAB
ConnexPay,www.connexpay.com,001Qg00000Zj0xd,001Qg00000Zj0xdIAB
Neon One,www.neonone.com,001Qg00000Zj0xg,001Qg00000Zj0xgIAB
JustPark,www.justpark.com,001Qg00000Zj0xi,001Qg00000Zj0xiIAB
Lexipol,www.lexipol.com,001Qg00000Zj4I0,001Qg00000Zj4I0IAJ
Caravel Autism Health,www.caravelautism.com,001Qg00000Zj4I1,001Qg00000Zj4I1IAJ
Experity,www.experityhealth.com,001Qg00000Zj4I3,001Qg00000Zj4I3IAJ
Once For All,www.onceforall.com,001Qg00000Zj4IA,001Qg00000Zj4IAIAZ
Custom Ink,www.customink.com,001Qg00000Zj5PE,001Qg00000Zj5PEIAZ
Clearwave,www.clearwaveinc.com,001Qg00000Zj5PP,001Qg00000Zj5PPIAZ
Horizon Services,www.horizonservices.com,001Qg00000Zj6bO,001Qg00000Zj6bOIAR
Salute,www.saluteinc.org,001Qg00000Zj6bV,001Qg00000Zj6bVIAR
Diversified Foodservice Supply,www.dfsupply.com,001Qg00000Zj6bZ,001Qg00000Zj6bZIAR
Datassential,www.datassential.com,001Qg00000Zj6bc,001Qg00000Zj6bcIAB
Personify Health,www.personifyhealth.com,001Qg00000Zj6be,001Qg00000Zj6beIAB
Machinify,www.machinify.com,001Qg00000Zj6bm,001Qg00000Zj6bmIAB
Novacore,www.novacore.com,001Qg00000Zj6bo,001Qg00000Zj6boIAB
Pittsburgh Paints Company,pittsburghpaintsco.com,001Qg00000ZuEH4,001Qg00000ZuEH4IAN
Blue Stream Fiber,www.bluestreamfiber.com,001Qg00000a5g6l,001Qg00000a5g6lIAA
Amerit,www.ameritfleetsolutions.com,001Qg00000aE3hH,001Qg00000aE3hHIAS
Rivio,https://www.rivio.ai/,001Qg00000aqayk,001Qg00000aqaykIAA
"Movie Legends, Inc.",,001Qg00000avKBn,001Qg00000avKBnIAM
NPI Private Equity Partners LLC,,001Qg00000avSSg,001Qg00000avSSgIAM
"Art Legends, Inc.",,001Qg00000avcAI,001Qg00000avcAIIAY
Tech Legends Corporation,,001Qg00000avdpW,001Qg00000avdpWIAQ
Racing Legends LLC,www.racinglegends.it,001Qg00000avknl,001Qg00000avknlIAA
EG A / S,www.eg.dk,001Qg00000c1lev,001Qg00000c1levIAA
BusPatrol,www.buspatrol.com,001Qg00000c4eU4,001Qg00000c4eU4IAI
